{"cameraMode":{"drawMode":0,"name":"Shaded","section":"Shading Mode"},"sceneLighting":true,"audioPlay":false,"sceneViewState":{"showFog":true,"showMaterialUpdate":false,"showSkybox":true,"showFlares":true,"showImageEffects":true,"showParticleSystems":true},"in2DMode":false,"pivot":{"x":-0.5822928547859192,"y":4.873404026031494,"z":-0.9532382488250732},"rotation":{"x":0.04002181813120842,"y":-0.8283528685569763,"z":0.05965462327003479,"w":0.5555817484855652},"size":6.195645809173584,"orthographic":true}